ID,f1,f2,cls
1237662264859492536,0.914457821169,0.194446251392,0
1237667227692236851,0.923735522548,0.191648111921,0
1237670965928656968,0.9057478487,0.0844754283564,0
1237658492805775568,1.04680908216,0.100445497778,0
1237671764245872737,0.9015180787,0.166624590328,0
1237658203436744710,0.996074449489,0.171194216632,0
1237663531326308412,0.82568793143,0.114247973655,0
1237651714264137749,0.873625551071,0.155060913545,0
1237661434320519497,1.04628346479,0.177954845581,0
1237657071158952076,0.985109695554,0.129946362214,0
1237680243061686418,0.931392859333,0.259465414608,0
1237661356466569360,0.894444576984,0.0345060807776,0
1237668706762686483,0.865296875227,0.164596123229,0
1237674651003453646,0.921358709818,0.221689582703,0
1237648704577011837,1.11404185465,0.238577536239,0
1237674371825467802,1.06904238234,0.213629585026,0
1237671941433725164,0.934191256669,0.334267347684,0
1237667911132446818,0.934012577058,0.180366696194,0
1237671125372502053,0.998854654987,0.203591757178,0
1237661211506638947,0.952716586775,0.188362519493,0
1237664670055137310,1.4376851065,0.205683571445,0
1237658299518485178,1.00224826749,0.322948531227,0
1237664667903328366,0.901594453775,0.20255106939,0
1237661434307805200,0.971173192563,0.209735667394,0
1237678596461167090,0.996699614976,0.351513451862,0
1237659148852002927,0.950064802172,0.162554523044,0
1237670459120222545,0.96526477292,0.271111464232,0
1237671938737242416,0.957530872061,0.241197587487,0
1237668271895740484,0.923248612036,0.108099956357,0
1237654627322495128,1.04905512302,0.264783538458,0
1237654030324203563,1.09582972376,0.318537953071,0
1237662300840722539,0.890230376183,0.118911572054,0
1237657596222112112,1.01458511725,0.292865470789,0
1237664295297417223,1.07219221568,0.202094871016,0
1237654392180900062,1.04325685419,0.296465682134,0
1237661852533653638,1.01216528371,0.235110025294,0
1237652901310759043,0.988218526261,0.266636441558,0
1237662239091130544,0.969711138159,0.193460183964,0
1237663531328536771,0.983660512007,0.287849119999,0
1237666210313142553,0.883698902285,0.170492985081,0
1237667549269786646,1.03739712554,0.0603032653205,0
1237674649924927541,1.04854292686,0.232023211484,0
1237671940334878837,1.1526110869,0.0976845940884,0
1237655108896882693,1.04655587659,0.173862907924,0
1237662237485367306,0.869967660831,0.187992217116,0
1237665536003014728,0.88157914841,0.183912467126,0
1237662336794755172,0.910386605384,0.17295842343,0
1237651250941591734,1.03300422205,0.185712837009,0
1237666463729975330,0.901634135099,0.053987012143,0
1237668590261239981,0.94706290806,0.200938246696,0
1237657774471839843,1.02132902901,0.154391434027,0
1237667783914487826,0.928963695609,0.190274749306,0
1237665178447970442,0.887642966379,0.141101894732,0
1237665330933006342,0.874700831945,0.163137561324,0
1237673757115154752,1.09223826367,0.181667284602,0
1237654600495333556,1.09314364219,0.0967094737325,0
1237658493886070917,0.94085937037,0.155262265807,0
1237668730920108316,0.897365365621,0.227367616397,0
1237654400763887845,1.11386928573,0.222337152091,0
1237667212138119366,0.923903950387,0.169036018292,0
1237651538725437687,0.798669339461,0.139442453118,0
1237668585435627576,0.936593896685,0.0664912969801,0
1237673807573550464,1.07234593496,0.17660048315,0
1237671129659146324,0.920879223065,0.169943913783,0
1237674368067895601,0.965012671155,0.295691475686,0
1237658191078490297,0.988529316136,0.287738598672,0
1237661950271095013,0.962692607251,0.203482150616,0
1237664669519380571,0.989799662222,0.170649172159,0
1237657769635938389,0.930021117113,0.0999236731533,0
1237659932148892738,1.02849068028,0.210868039972,0
1237657776072360135,1.19776122067,0.235216936868,0
1237654950525665450,0.924919222825,0.159761097682,0
1237651272970993808,1.02103567325,0.18943965459,0
1237662224087187519,0.895080638491,0.151495547848,0
1237654400764018785,0.961202226094,0.160882147511,0
1237651540336836653,0.990212752067,0.033703834021,0
1237663233375273258,0.857532292567,0.155086803449,0
1237674366453284887,0.98452731546,0.256986365832,0
1237657630048911382,0.905073426606,0.159563618774,0
1237671991875403796,0.870658425113,0.12749748717,0
1237664289387970689,0.922652391783,0.191502294646,0
1237657606966739009,0.993496523365,0.255602061757,0
1237672025169399613,0.933952670576,0.209432085413,0
1237665583262466183,0.986052597771,0.145458838067,0
1237651715337683076,1.05356460571,0.100886178169,0
1237667912736768076,0.943634015084,0.183788876445,0
1237655108918116466,0.908276397382,0.204979876562,0
1237666308558880822,1.01357922889,0.210180787528,0
1237661070851440739,1.09293030727,0.176232983527,0
1237662193447600227,1.01038137035,0.205194676385,0
1237651539251822754,1.42802409566,0.182514214533,0
1237659324947628124,0.954656306495,0.176123484777,0
1237667536920314021,1.09068099459,0.205631012245,0
1237663783671300203,0.867928815891,0.18026629704,0
1237665532260188277,0.860740040119,0.117616006722,0
1237651225708462187,0.835831154953,0.127589299651,0
1237667211585061033,0.936308688319,0.198513095889,0
1237667255609720895,1.05752516668,0.1626451004,0
1237671688005156977,0.931692384588,0.120032030197,0
1237661068717785141,0.979009721821,0.138504765543,0
1237663272554135590,1.03266709538,0.28200958295,0
1237665440978501764,0.832188419629,0.134085003811,0
1237655503501328481,0.868139812245,0.125766231042,0
1237661949177626721,0.974533749467,0.0421213170687,0
1237661068179341356,0.939711463948,0.171538168423,0
1237655471822472194,0.89032482238,0.184995712267,0
1237658492796141651,0.965981177775,0.352849215975,0
1237657857674248322,0.951723674751,0.209689950722,0
1237674290756583685,1.09175132109,0.240657919306,0
1237654670273151049,1.07353015842,0.178521599886,0
1237662663205322890,0.820579555004,0.0387063471355,0
1237674649393037466,0.996609829769,0.191320000958,0
1237663783667433605,0.93690841511,0.15099978992,0
1237667252923990149,0.96341816979,0.215352630579,0
1237651190813687863,0.944265868361,0.16763964269,0
1237660765369729421,1.09690616971,0.321025757679,0
1237662264329765097,1.092325638,0.20174633808,0
1237674475439390852,0.929361884958,0.108388241849,0
1237667538549735477,1.03224480009,0.207025999385,0
1237660584982741042,0.880980639283,0.23895344946,0
1237661465994723462,1.26527988662,0.124761904931,0
1237667783357563029,0.969164917851,0.179750578179,0
1237666209243070612,0.954831314997,0.0795090000176,0
1237673706652172583,0.986339371043,0.0405966055035,0
1237663783131938872,1.13841022798,0.202808570976,0
1237661976548278328,0.842323997111,0.14006742177,0
1237651539242189001,0.960099242337,0.185862480459,0
1237671257982829268,0.773325032492,0.229518196632,0
1237665442072166485,0.923275882788,0.209526704781,0
1237660583369638102,1.1191546278,0.199839419589,0
1237665429168062591,0.933708607133,0.172898144812,0
1237680312310169734,0.963192665573,0.258487520346,0
1237663655878983756,1.09741375547,0.200495576673,0
1237664667366654094,0.880415001051,0.148276748768,0
1237667430093881483,0.991180457193,0.254475872739,0
1237650795672961618,1.00878104052,0.207486798524,0
1237652944247324715,0.887397064886,0.1731125162,0
1237665531174649875,0.907020986614,0.133407745463,0
1237667429547180111,0.868516813181,0.185047274499,0
1237653441913552933,0.959442659738,0.167268371255,0
1237652900212572196,0.869538390795,0.0990434804211,0
1237657071697199254,0.935471684462,0.222305010157,0
1237654652570828902,0.987525771683,0.187829575363,0
1237654605330645070,0.934482354974,0.160246104458,0
1237649964068110412,0.922828224428,0.166361626489,0
1237661812809990194,0.987008353613,0.254465754577,0
1237652615668236303,0.955561443434,0.1792005425,0
1237670458576404652,1.05247678779,0.183248065476,0
1237661063871660375,0.897676319373,0.282668122193,0
1237665103286304879,0.945149266731,0.148752259148,0
1237661851456176319,1.12370248152,0.1258464774,0
1237661361840848922,0.875448556494,0.192407518979,0
1237660615047315578,0.989397487905,0.235190354264,0
1237652616743026905,0.841067967843,0.169370911439,0
1237656243303219580,0.93162001006,0.101097070003,0
1237661872952574052,0.925555192565,0.108721596586,0
1237668290158723203,0.918395516348,0.127321586308,0
1237648704579764384,0.849511484699,0.139993984935,0
1237659326566367393,1.00603200296,0.180042069308,0
1237665180599648363,0.95211969251,0.169068812511,0
1237673706111762825,1.00003380768,0.248215556022,0
1237654392180375695,1.01733691662,0.154980077117,0
1237666273661026469,1.01680185439,0.214121850154,0
1237664091830681760,0.976617351535,0.0337614318852,0
1237659326024974361,1.05861611145,0.0792187333287,0
1237661383309590838,1.0391392012,0.240151942994,0
1237665328776872000,0.97624824203,0.15326239202,0
1237671123754876943,0.878045046954,0.148846984783,0
1237658492275654770,0.991060688338,0.197719756955,0
1237664879950758029,0.977284394666,0.212553964862,0
1237667212127436848,0.851129092882,0.14686814171,0
1237649962459726014,0.804141655497,0.1148981984,0
1237665351854522566,0.929310302596,0.212531036961,0
1237667550341824701,0.904645887641,0.156653005413,0
1237662474236527166,1.15440426126,0.147050726113,0
1237652949065728067,0.937744149145,0.158946080511,0
1237666407916437622,0.846835444906,0.0194535524558,0
1237663238204489909,0.915196032667,0.109825400335,0
1237652934568575627,0.952223021778,0.202319422553,0
1237657190901153913,0.93406173347,0.121938236533,0
1237671561845014599,0.89941746337,0.142626813882,0
1237668298751475961,0.97273809345,0.143908799865,0
1237663530251124866,0.877718706221,0.0905282778606,0
1237657776608903240,1.04464804265,0.171830640316,0
1237662199364517894,0.961786236981,0.115470468928,0
1237660343923704199,0.965932528011,0.242574731329,0
1237665440983810113,1.17406058719,0.0732580517074,0
1237671067918729434,0.939786494161,0.194961989598,0
1237661082661749234,1.11036657536,0.1917093759,0
1237664094513987628,0.8718384514,0.122658636307,0
1237673705573843400,0.999590310656,0.229819707774,0
1237654627862511775,1.05718927415,0.211284868097,0
1237663233369573155,0.955439360788,0.291542297734,0
1237652948533968962,0.93147450198,0.181157792083,0
1237655349430452360,1.15568835367,0.160739697168,0
1237668704614744225,1.03932823091,0.175684493152,0
1237663782590742664,0.869950216854,0.176819486041,0
1237663230698783876,1.01542293732,0.0981512276213,0
1237662637978681536,0.981896396145,0.112434040515,0
1237664672176734256,0.993070242604,0.264638423441,0
1237662237481369758,1.01386882335,0.145017455974,0
1237663478723051629,1.24827306037,0.233977710519,1
1237667212676628618,1.33047578416,0.22894534075,1
1237663542607282278,1.12244177426,0.128244901524,1
1237658203973353482,1.53440406836,0.234372256875,1
1237661388150472813,1.33832574736,0.196557621126,1
1237655106763685932,1.37954699452,0.160991601113,1
1237670016735641714,1.03452465501,0.178131366267,1
1237666211392913755,1.0082318285,0.175221820089,1
1237662226214486105,1.18494771048,0.0947490103735,1
1237652901824561179,1.13601942867,0.185108961653,1
1237665583257813140,1.16285982017,0.201135892103,1
1237659163888910469,1.43668275312,0.211888802458,1
1237670015114543169,1.61942359505,0.267424232197,1
1237674369675100851,1.52361572986,0.237759909043,1
1237661385994534922,1.2080190436,0.195182103806,1
1237667255615291583,1.34783634893,0.24351119441,1
1237648703506284578,1.23176297395,0.0976067905583,1
1237659324411805707,1.61867911544,0.272999325086,1
1237657775545581773,1.74026247981,0.21086221973,1
1237661970108448893,1.59065525787,0.239151791491,1
1237657242969243820,1.17450670202,0.122608881247,1
1237672025709544069,1.17560763702,0.177870682615,1
1237655502958100703,1.40103519499,0.153903083643,1
1237663277926514723,1.06393311355,0.0376264608126,1
1237668731993850861,1.05867365466,0.132419495412,1
1237658302202183902,1.00677000505,0.172435322934,1
1237674649928138761,1.09194398223,0.165609744576,1
1237661362376015892,0.944924117578,0.22873231375,1
1237655464858157283,0.989118015385,0.143927696419,1
1237663784751661112,1.36469727521,0.22333842934,1
1237666273676886169,1.13631958404,0.113061815168,1
1237662641197482062,1.31090529758,0.220443634416,1
1237658425161744392,1.4277032402,0.199159411113,1
1237665429168128057,1.21918951124,0.199276025151,1
1237665429167800410,1.2633614768,0.148839854443,1
1237666300553855120,1.54569588361,0.193824211166,1
1237663544213963026,1.28627344043,0.131553341676,1
1237671262812504269,1.32943940833,0.195876352412,1
1237658192688120052,1.65520936708,0.194091856099,1
1237661849845170249,1.18444438064,0.113732161882,1
1237665230526874295,1.66714078814,0.328455986181,1
1237655504033677644,1.15599500651,0.198681808,1
1237667781195858617,1.44053687684,0.192777915577,1
1237674648850661405,0.969845187173,0.178464294019,1
1237673700204871790,1.16797677728,0.085869023529,1
1237668495242428454,1.45410478755,0.180905318978,1
1237667914877370516,1.43519830764,0.199470569797,1
1237670015656132739,1.29331591267,0.137540671721,1
1237661465448874112,1.17691580262,0.158089228439,1
1237680502895149259,1.24524658856,0.230628664013,1
1237664837537497299,1.43333157452,0.272227519434,1
1237665442057814126,1.56863368884,0.246296757313,1
1237666090051698725,1.38366835145,0.178943072756,1
1237662198284747003,1.54264770693,0.158107595517,1
1237666463191990281,0.99239221155,0.193321088165,1
1237648702968627207,1.32355102675,0.166255863696,1
1237651252577108176,1.16639825163,0.205114569417,1
1237665569297596815,1.53957359841,0.22314318386,1
1237658298449985617,1.27872394067,0.255766094685,1
1237666430966891901,1.227878265,0.19870427878,1
1237663785281191947,1.30146029924,0.245293661425,1
1237661150841077872,1.55279797843,0.194373000636,1
1237663785284927490,1.2860295865,0.189630732083,1
1237651213896974383,1.13268053097,0.205861135508,1
1237671958061187194,1.1473421454,0.247471376375,1
1237657627897233501,1.64436235479,0.241656279762,1
1237663544221761780,1.20013165038,0.170616677029,1
1237653665259454567,1.22288115807,0.231690932002,1
1237655504570548400,1.35299798845,0.259663870673,1
1237661874010456130,1.17983075971,0.0277329512161,1
1237656567583146254,1.26211363132,0.200655576064,1
1237651538189221912,1.43892058847,0.199513674106,1
1237678433254768649,1.04764857404,0.177506579959,1
1237652935103874081,1.44514452094,0.247727552035,1
1237669767626031108,1.23092302627,0.186464982811,1
1237660635453653059,1.29919554441,0.0857486674624,1
1237671067382382964,1.21481924126,0.165133766593,1
1237649962460643386,0.992540066788,0.0874687035059,1
1237664667365474380,0.920829455836,0.129991697079,1
1237671969863631666,1.15044382194,0.045540228969,1
1237658611444940866,1.06313252942,0.219645298001,1
1237666430430087782,1.26503002819,0.162236029303,1
1237655503501656635,1.21228498369,0.0767915506762,1
1237676304558325892,1.3718629844,0.167492763911,1
1237665566607147020,1.07729064433,0.148385710118,1
1237658800432087155,0.981236315837,0.108753642504,1
1237661212047441953,1.1463969696,0.174524541301,1
1237654392181031038,1.35268007214,0.157692280398,1
1237662269142860019,1.64393874546,0.263865919988,1
1237661812810448973,2.67934756851,0.197903063621,1
1237663784199651425,1.37367697542,0.235384939023,1
1237662305119764502,1.16919926096,0.156946636802,1
1237655504033808680,1.2027225355,0.202254523803,1
1237655371442880561,1.10295240733,0.20086815544,1
1237673842470881170,1.2940383968,0.241177237715,1
1237659150994702396,1.28784107885,0.124248768224,1
1237665440440713249,1.42849299354,0.248050727212,1
1237657608572436549,1.48302843558,0.263032403616,1
1237663784193032492,1.43152386613,0.228139328281,1
1237671261734699442,1.0747778147,-0.114752135156,1
1237671124291027091,1.64024888524,0.320228689037,1
1237661949708206192,1.19256738995,0.121442887308,1
1237652944769910148,1.24487994938,0.210558150004,1
1237660412115026072,1.39028484528,0.19762377552,1
1237659324412395667,1.150909671,0.13061829346,1
1237666214080479538,1.12739623248,0.219817352177,1
1237656568119951612,1.1311604645,0.191668044495,1
1237652901283627103,1.42774779853,0.241659429476,1
1237652900751343648,1.50508099953,0.247909027969,1
1237663231222677601,0.876470747667,0.166178994389,1
1237648722827870237,1.61320927578,0.198050613065,1
1237660344996266165,1.11205871117,0.200140206937,1
1237668272437592261,1.37371729161,0.19532892462,1
1237656567574495449,1.24066242004,0.195179340756,1
1237658206115528765,1.12526059529,0.110294121573,1
1237671122694242455,1.36431512674,0.201811100816,1
1237664836459233682,1.59954876238,0.327954744039,1
1237662238012473419,1.34664947553,0.18331582629,1
1237660634388758708,1.10130552873,0.10783692121,1
1237652946386354267,1.59429071628,0.180405344731,1
1237662498392899744,1.46084237681,0.220001759865,1
1237659326554636385,1.29825503517,0.141016475815,1
1237666406846169179,0.996319519977,0.119455924816,1
1237658201275367653,1.32535593784,0.217189869353,1
1237661872936059082,1.339377128,0.212518305597,1
1237656906343317574,1.20214125127,0.125711542355,1
1237666340798791842,1.47397034486,0.232309690656,1
1237671560769765701,1.08462099786,0.102956707181,1
1237658203435565161,0.9838805088,0.104961623046,1
1237657191446347891,0.850130221851,0.0989240850606,1
1237665534931173652,1.00507746614,0.203561798124,1
1237657628433645835,1.23501224923,0.376353585641,1
1237659327099699357,1.28215954048,0.145997622292,1
1237662498927280146,1.25462710442,0.130591015156,1
1237661950788370515,1.1453145671,0.196046697463,1
1237666428282536669,1.28687741053,0.0971968911696,1
1237656496185213147,1.19529640553,0.198845939526,1
1237661435394785422,1.13531837336,0.16690955153,1
1237665128019394724,1.09792314334,0.141750407185,1
1237662663747567838,1.28358123711,0.142597086582,1
1237669702126338157,1.59111721209,0.255749386685,1
1237680240902012967,1.09989992096,0.236789508589,1
1237652901818400857,1.32516382583,0.138773781032,1
1237667227149140012,1.33180265585,0.123030990755,1
1237659935364415871,1.16221737079,0.184913474988,1
1237680070712229970,1.40197435798,0.24809625908,1
1237661967961358482,1.02622780965,0.171833083332,1
1237660024496586869,1.20993116429,0.179936292952,1
1237651252016054669,1.31697415847,0.183299694567,1
1237671125370339356,1.38861269975,0.229223754029,1
1237672816508272902,1.34509887911,0.162099746439,1
1237680071781187638,1.44312964284,0.172187236368,1
1237666407378649181,1.25184537896,0.218486891369,1
1237661852536144004,1.32232435398,0.198554027134,1
1237656495104327979,1.16540675292,0.135768089114,1
1237673809721952010,1.26000902668,0.220147630907,1
1237655130909638854,1.40212733291,0.157855027429,1
1237651540315603112,1.50204405107,0.220961609461,1
1237665441515044900,1.49331269088,0.27243453314,1
1237671257434947635,1.72946516814,0.132014511018,1
1237658492258287977,1.49633989483,0.160642907611,1
1237666407379828738,1.57449080472,0.204381975513,1
1237665099000381593,1.08702623988,0.18242587632,1
1237657189835276444,1.20758433226,0.219741155371,1
1237665429184184414,1.35424399053,0.152055321046,1
1237668294983876619,1.13204321382,0.195150834393,1
1237661966350680116,1.47232584386,0.161297136522,1
1237668296605696028,1.29276849837,0.192612641888,1
1237673843544491238,1.09541261245,0.172188790352,1
1237678580354580625,1.48424655704,0.254257691072,1
1237666408460321051,1.17793618834,0.209379100161,1
1237648720169730120,1.20486621209,0.179556290051,1
1237661852535881763,1.25178323869,0.205045363253,1
1237648720681042024,1.26062176537,0.0955606908171,1
1237663542610427953,1.07261555337,0.196282660068,1
1237663716016586971,1.33767107001,0.134228765004,1
1237658491720958124,1.45651045971,0.222339166091,1
1237650795136745590,1.28317130766,0.174556341615,1
1237671261198614739,1.36065205718,0.110612642886,1
1237660241384898568,1.19096115543,0.209380720048,1
1237659932685762962,1.41146939046,0.303802666442,1
1237671071686918482,1.74062380256,0.288353773473,1
1237662663210696722,1.34800121813,0.152513255493,1
1237662263249207720,1.48363154393,0.216820690742,1
1237667252944371727,1.41418273881,0.155597722938,1
1237660024522801238,1.28531526387,0.136721190365,1
1237661386010460203,1.10488887362,0.184676632609,1
1237660412647702790,1.54309766328,0.28180509793,1
1237658302201987164,1.17022833827,0.254426020439,1
1237650371020390445,1.30370860005,0.136488283027,1
1237668678853199938,2.04833624595,0.325999239057,1
1237678596459790731,1.27621787776,0.256133057343,1
1237651497363571230,1.31487013518,0.150128685027,1
1237671166708088855,1.21788336519,0.202913717371,1
1237663229608198416,1.27192404437,0.160986118313,1
1237663915724636295,1.5836168845,0.14807383734,1
1237657189835341895,1.15310916912,0.181185345654,1
1237660584982741009,1.15056121257,0.0924219326803,1
1237666464800702538,1.32159298157,0.179449120588,1
1237671768006328390,0.972168260291,0.132618784329,1
1237666407916634190,1.64079283253,0.232588610903,2
1237663234977827773,1.30270550382,0.262046634476,2
1237661465984172197,1.61189300727,0.19243204958,2
1237667912210186249,2.78313418745,0.233659391397,2
1237657191446937731,2.82597586223,0.232508100025,2
1237670015664717842,1.3736512635,0.17004851409,2
1237666275817095430,1.65645391866,0.19191360928,2
1237662239102730299,1.67607644952,0.189176464473,2
1237671937114636548,1.61397182353,0.225393162766,2
1237659326563418260,2.17396323701,0.297740097379,2
1237662503753744594,1.52404635567,0.249861328289,2
1237653651839254601,1.46075706964,0.183845471022,2
1237657606966083778,2.16564073203,0.314447741798,2
1237652947991134304,1.44326713426,0.184870478359,2
1237673452166643928,1.08791318044,0.0158765670396,2
1237663268797350326,2.7870643526,0.283515025911,2
1237666407365607475,2.08586880884,0.325832175615,2
1237657070628307253,2.65093889286,0.341221516674,2
1237657595150926253,2.29797129338,0.336675312275,2
1237668678845071525,2.90431927078,0.284452854737,2
1237658203954544926,1.36559447427,0.176241061624,2
1237666209248772635,2.72699758065,0.434431867879,2
1237662474773332381,1.39996113629,0.168530520856,2
1237673474177761302,0.93130005695,0.167105138259,2
1237661950808359083,2.56604460263,0.25978125457,2
1237656568117920241,1.52190263662,0.191008844172,2
1237671940359653057,1.19187211946,0.205552024236,2
1237666464798343872,1.30359464311,0.149974269141,2
1237653650771280091,2.15972709439,0.277918352387,2
1237656243309707564,1.46613454003,0.177840954555,2
1237649920574554302,1.17228627556,0.143516861854,2
1237656567048437771,1.70240030112,0.250041356137,2
1237678584114970854,1.36289009655,0.217557286008,2
1237663235518563402,1.51513366587,0.243330556109,2
1237657189836783740,2.30385422004,0.199881837637,2
1237663457239171530,1.89713118212,0.229960586878,2
1237679585915045060,1.75934693199,0.255932870588,2
1237655348356186246,2.52963809068,0.20963064439,2
1237660412114501676,1.49711102257,0.165725829323,2
1237652901847826437,1.61941039005,0.259059283472,2
1237663784211382390,2.36646688619,0.345355660169,2
1237667253454831863,2.1302774328,0.132565079886,2
1237648702983504071,1.51746649243,0.214532896731,2
1237660239778218082,2.53049887206,0.222131019399,2
1237669762794520731,1.86573538769,0.189245172414,2
1237670017267269751,1.36621343049,0.169172380104,2
1237652947991199870,2.67416614166,0.178387557648,2
1237661356466569329,2.72731943603,0.266632207488,2
1237651539246514337,1.36605190979,0.170839507803,2
1237668331492802819,2.595856778,0.207840598401,2
1237661812809728110,0.995359573912,0.0782898250983,2
1237663783671431221,2.26815769596,0.360724770544,2
1237672837985206439,1.48017159977,0.202337510208,2
1237666245222793390,1.31950123,-0.177165128494,2
1237650760786837700,2.37874893404,0.273263199478,2
1237671939813868778,1.59286282451,0.271191324814,2
1237662665891512769,1.93055295404,0.265999400294,2
1237657191978369222,1.82821480081,0.246972940929,2
1237666091126816918,1.92117424886,0.150421912585,2
1237663783144849442,2.27318871951,0.234656486651,2
1237668299277008975,1.42550920634,0.222104958744,2
1237667227155366015,2.18891641276,0.338441183355,2
1237663784215904386,1.70760545747,0.226669190188,2
1237652944768270962,1.38755251792,0.172897437741,2
1237658192147972349,1.52875997018,0.187981103402,2
1237670961088561372,0.776872859604,0.0521413673297,2
1237663542605775285,1.53231188969,0.238831258692,2
1237678617410797755,2.50998434128,0.273432211422,2
1237662264859820151,1.55530388574,0.21577427602,2
1237662662136234223,2.1953660585,0.194350038865,2
1237671696598106280,1.43933675493,0.224726356533,2
1237660344996266514,2.18065297848,0.271208750633,2
1237648721249960231,2.88207799058,0.267687583764,2
1237668288547782824,1.80682097557,0.181675537208,2
1237652899701063816,1.58196677375,0.208607524291,2
1237672796107178057,1.45904244139,0.174644156043,2
1237658205579247708,1.56526891161,0.165199672266,2
1237667255088119919,2.78085378924,0.223179267785,2
1237663542611673266,1.67188615204,0.200564129622,2
1237648705114341529,2.12081361329,0.251772084857,2
1237659326567809303,1.40740613695,0.18415516979,2
1237663785276997747,2.61240253855,0.244057048721,2
1237667781733384609,1.37240279552,0.186606882019,2
1237669697297973268,1.42431998089,0.163422002716,2
1237663273098019401,1.62419289019,0.360823636913,2
1237666183487947164,1.7600775261,0.206776126868,2
1237663543674077971,2.44475680751,0.345079714088,2
1237671124291027381,1.53119893598,0.253893971089,2
1237663229077226664,0.95534683265,0.224313221037,2
1237663230699111133,1.50897309845,0.202257327758,2
1237661812271677527,1.90197984893,0.15562101495,2
1237666209787544168,0.673767840729,0.18555198678,2
1237662962246484570,2.15586843846,0.349872637257,2
1237649921117847557,1.47857444333,0.179749696153,2
1237662962782175922,2.46036215739,0.184985135965,2
1237672764969714250,1.4764607754,0.200032710086,2
1237671687468286014,1.73001592073,0.297813185958,2
1237671257437372564,0.948580498801,0.0803654081152,2
1237671696597385285,1.35952039841,0.217144380611,2
1237659931606122733,1.34350843942,0.159561637183,2
1237669703194050571,1.71951355934,0.222518508761,2
1237663204921966752,2.48706394082,0.199540240876,2
1237654670809235672,2.47315899378,0.270926686751,2
1237651537632428153,2.69770495678,0.336424263442,2
1237668707303687914,1.27249306907,0.150085762922,2
1237668681000224125,1.59054359954,0.277071504868,2
1237661356466634758,2.50508141533,0.259201570489,2
1237663543141138946,2.50063593428,0.25246501838,2
1237666300020392057,0.939848548693,0.146952663502,2
1237655370895327390,2.60538706758,0.252244601328,2
1237657606419448548,1.29214190833,0.104267100429,2
1237664667887993114,2.51070867252,0.272371105587,2
1237658199123493107,1.8609836895,0.188488736996,2
1237668735216583110,2.67855273415,0.335153008106,2
1237661137960370401,2.78268292587,0.203470245826,2
1237663274167501047,0.709947956892,0.146536545893,2
1237673704499905501,1.65136762134,0.216754598681,2
1237652948533706794,1.96030814239,0.22942212833,2
1237673738858923181,1.36899941743,0.19624342764,2
1237657633263779961,2.37713818057,0.337135591483,2
1237673809184295416,1.9986744256,0.293532725101,2
1237652900774281360,1.42426920339,0.206442872959,2
1237667782284607637,2.27162714133,0.320923243065,2
1237668297129263201,2.01690244678,0.275951132325,2
1237678432718094549,2.79722421541,0.30133948184,2
1237670458044711461,1.79633418483,0.241801331064,2
1237663784205287643,1.57642094575,0.187970101916,2
1237663783679426707,2.8406324448,0.381551957939,2
1237652900231577682,1.43323002164,0.178058731013,2
1237657773936083123,1.59909734426,0.187367005903,2
1237660564039533860,2.29606894311,0.408018101048,2
1237660670349213795,2.4395338471,0.368752488131,2
1237666408460452060,2.37621456677,0.191596535451,2
1237666276360782050,1.84805979271,0.167515520709,2
1237666463187861727,1.8516081942,0.178085098617,2
1237663543137861713,2.15836930265,0.225992651267,2
1237679034551894131,1.00973447682,-0.0329493263977,2
1237660412646457692,2.57045971496,0.263404005093,2
1237664836997611942,1.22587014541,0.147361487098,2
1237668736296223689,2.44983677806,0.407995795473,2
1237658205047095308,1.66979255664,0.182401922995,2
1237660241387782255,2.1820014366,0.22925414141,2
1237666275816964106,1.54771887358,0.106499153725,2
1237668681537095166,1.89778089757,0.306624396886,2
1237656564360282384,1.60271138648,0.233628264894,2
1237670965925052546,2.56505207158,0.118653016085,2
1237662263791124920,1.43821445707,0.203966784387,2
1237669763333030225,1.71834384557,0.137227973952,2
1237667210528882835,2.40617765013,0.199643646282,2
1237663783672283293,1.73696620641,0.285911041022,2
1237672763374174306,1.4871993351,0.233353752899,2
1237670015656853660,1.61340561875,0.25292852049,2
1237671166707433694,2.47475203961,0.340016229478,2
1237666210875834548,1.61234944842,0.233351348679,2
1237673430691611418,1.50899305286,0.0199932086324,2
1237668735758303380,2.34855496288,0.294804384067,2
1237652943158837938,2.04721798388,0.130370842913,2
1237663478725935173,1.46840249459,0.190186276834,2
1237663458852798704,1.48677654872,0.213645789149,2
1237657878074557377,1.65284674655,0.332775414303,2
1237667538545213595,1.77692763661,0.198522106453,2
1237660635993145514,2.66496676249,0.212589174439,2
1237670956787630166,2.70926087712,0.228643137985,2
1237656536979472436,1.72282119236,0.308725946328,2
1237652943710847183,2.68085574597,0.30359778904,2
1237660239778021465,1.48972315773,0.184597756791,2
1237667321643008113,2.75731665956,0.147888425686,2
1237663479797055822,1.53930602957,0.228274699039,2
1237661966888075498,2.64059491507,0.353312072532,2
1237653650773639267,2.32740884542,0.198869918992,2
1237652934567265051,1.27743284335,0.106873875917,2
1237663233912406146,1.45616937486,0.224682514971,2
1237653651303366820,1.87685818509,0.2484360177,2
1237663542612001060,2.06978151288,0.266412014098,2
1237657606419906933,1.9773880697,0.260456964551,2
1237673412971135176,1.17756020158,0.162582921126,2
1237662224603349167,1.83418062782,0.240726925453,2
1237668679924318285,1.254507223,0.118554240091,2
1237668298744725552,2.11902164335,0.272164824469,2
1237651539788955758,1.79254334865,0.154981686619,2
1237661065486336091,1.6067771704,0.169160245321,2
1237661150840225935,2.65389462904,0.254631555765,2
1237668736295764356,1.58571467644,0.276589259026,2
1237651538709708899,2.60487327496,0.350743722652,2
1237668756700659831,1.64674440351,0.1904452301,2
1237662962242945921,1.52057842419,0.228930486842,2
1237663530791141664,1.36991566302,0.158465136902,2
1237671957524644155,1.89347714815,0.246426398682,2
1237667783895089325,2.75895439659,0.182819775044,2
1237666301091577958,2.19073874533,0.276392190279,2
1237667735033282645,2.19368678032,0.244216418055,2
1237673706109599918,1.03968959996,0.227844085722,2
1237662263787585906,2.49269621878,0.240583813419,2
1237673472026738859,1.73719583787,0.158296046753,2
1237669768158314595,1.32425940161,0.168547063343,2
1237657401882837092,2.11249061791,0.211720746753,2
1237672764985180181,1.16110348498,0.141967316655,2
1237656496719200396,1.02629723205,0.0906618807751,2
1237680474979762474,1.75898096889,0.195042298684,2
1237663543678927372,2.11854731505,0.145139062043,2
1237663457775911500,2.50071472909,0.198197092972,3
1237663235521577374,2.48382286784,0.241150109758,3
1237651272430583875,2.35773891837,0.226716515438,3
1237652947995787329,2.58603603001,0.174655549971,3
1237661361842356551,2.61743325175,0.21361555458,3
1237669763332243684,2.43124506555,0.169494812035,3
1237657190908952682,2.820244663,0.251820774535,3
1237663782592053405,2.68849109016,0.179550060164,3
1237670459651588287,2.64889586277,0.274957873192,3
1237663234442986886,2.4811102687,0.198985914334,3
1237648721250484529,2.68657256223,0.199711659756,3
1237654390570680520,2.46954844314,0.17542166896,3
1237674283778769347,2.73294264495,0.24103751746,3
1237663233911423284,2.66286598624,0.362711945206,3
1237666407921483943,2.92600510013,0.335831698436,3
1237671266569617466,2.8392868747,0.314983616474,3
1237657190907445437,2.61355656903,0.269390323765,3
1237663784743272617,2.76229536616,0.21720836303,3
1237662962246484597,2.62103658234,0.1576098678,3
1237659326568989038,2.73372127112,0.195557846317,3
1237657191447920720,2.55150594746,0.209435446715,3
1237663783679099114,2.75112015774,0.210376328704,3
1237667735032234128,2.77334746372,0.250906580351,3
1237654391644553395,2.84957597312,0.205473415982,3
1237651067351138420,2.813495489,0.23402018766,3
1237673708252824001,2.72250633345,0.21996709091,3
1237670956250759272,2.76787392818,0.126111893512,3
1237657190370246851,2.92519128213,0.328217752687,3
1237663783120994421,2.89410927,0.207807140667,3
1237665024370933953,2.62106961436,0.128250891185,3
1237666300019146870,2.34110273228,0.161164633027,3
1237672765522313365,2.53175718138,0.115017584654,3
1237652900231446642,2.31102603345,0.160512984784,3
1237663783665860776,2.85246928994,0.238426022977,3
1237670957324828809,2.78908881887,0.232417141155,3
1237666339189293148,2.80588014418,0.173449426001,3
1237668272974266567,2.62725912874,0.0734141819953,3
1237652947454853174,2.73532087948,0.271573095042,3
1237662962242814269,2.49197917634,0.324622996178,3
1237673841397072989,2.88125215825,0.398909690454,3
1237652944246734989,2.46286531818,0.286641794554,3
1237648722305941607,2.64438728347,0.227857355374,3
1237656241163731243,2.48362604419,0.21296884324,3
1237657191976992955,2.74916402729,0.167438121313,3
1237662636368527603,2.86923006931,0.297534680007,3
1237663230700683777,2.5341864953,0.215915301918,3
1237666339724656797,2.50543342057,0.0355514407963,3
1237673708789628958,2.60503923132,0.259848513566,3
1237657070628503678,2.69957665779,0.290892817948,3
1237657606420496642,2.65863979002,0.152800778605,3
1237666214607716549,2.76772109997,0.222499160953,3
1237651273495347356,2.80678884161,0.226495269203,3
1237663716017111072,2.71106907102,0.14929546582,3
1237663716018684124,2.38992386395,0.18793302997,3
1237665428639383741,2.61931339183,0.220499349992,3
1237663783657996433,2.64511536809,0.24006795167,3
1237652948528595154,2.57378117407,0.196809215591,3
1237657190366970031,2.77218073684,0.184808054199,3
1237654391107354697,2.61410819093,0.191667173634,3
1237665097917858182,2.62724922084,0.291891781308,3
1237663307451597229,2.34723810791,0.297210314269,3
1237652629101281465,2.62573278741,0.168026611143,3
1237657628438626596,2.89293019895,0.347327775053,3
1237653651847446729,2.74167750906,0.275384529684,3
1237667212128420075,2.64237588037,0.226121724073,3
1237660412652486811,2.91053304985,0.400630827465,3
1237662239090737337,2.84323432376,0.165439268013,3
1237663783680540811,2.25783749184,0.0954923036635,3
1237666301090791576,2.54334550292,0.107345651338,3
1237656241170153625,2.34655886118,0.279990211798,3
1237666301091250360,2.67908416188,0.203032471979,3
1237663234449343110,2.5421958729,0.238134228076,3
1237662499473457401,2.8937168661,0.232369255821,3
1237661085881008480,2.65906749717,0.346626903419,3
1237653651302645905,2.69122858282,0.186804206161,3
1237648722322522207,2.53189835712,0.229144424894,3
1237661384383398045,2.65114136079,0.224297154,3
1237657071158886503,2.65393445079,0.255615125451,3
1237657190907248775,2.74532120132,0.218077193586,3
1237657874328715389,2.85008549152,0.165291545139,3
1237657401877004440,2.85038439571,0.264210294864,3
1237672842819141718,2.34063029247,0.106354656049,3
1237654387340280128,2.65253998328,0.154310396635,3
1237660240312664252,2.34778992674,0.189935793016,3
1237670459115438335,2.42465194624,0.163042730905,3
1237664879410151499,2.78121286419,0.410965914739,3
1237664869212684506,2.7625897166,0.170683698238,3
1237649919500681356,2.52839953349,0.228081061031,3
1237666299482734776,2.64508601724,0.300703664568,3
1237672842281746582,2.46469735152,0.1835386508,3
1237657627898151228,2.80659944281,0.303822971242,3
1237663479791944263,2.65603285378,0.272515151553,3
1237648705132036370,2.92348369929,0.361279315689,3
1237663543677616640,2.72443658441,0.268417196364,3
1237652943157265172,2.66458466373,0.195111608009,3
1237663277929857063,2.69354968457,0.213927626363,3
1237652946380980357,2.62986548475,0.15284614449,3
1237665532252782804,2.76050116026,0.19262809551,3
1237663784202535053,2.60150953643,0.184153648723,3
1237663783145373875,2.64526124661,0.235440255329,3
1237667783348060623,2.42524715822,0.228295419789,3
1237655107297869930,2.78513744627,0.190745270891,3
1237662962783682816,2.47391935129,0.169799378865,3
1237664871358922995,2.5288877919,0.142199263927,3
1237663542063858830,2.72015721465,0.373003480999,3
1237663783680737455,2.5341591147,0.25033322468,3
1237663917872054619,2.5248162258,0.0606998557484,3
1237662237492314626,2.81759481423,0.257704967011,3
1237663716018684138,2.72869020435,0.188635626037,3
1237660024495276236,2.66090218435,0.224833423288,3
1237663716554834151,2.57916750328,0.15230829259,3
1237663239271677978,2.57536151816,0.143962796407,3
1237656971300569299,2.64872277455,0.18155699544,3
1237656567042867517,2.53667385653,0.124868484213,3
1237660339090096291,2.83422540018,0.24653884154,3
1237663716018290812,2.83737796878,0.23895813768,3
1237663716018028709,2.57193915315,0.29359719952,3
1237651753997631793,2.73099063911,0.20773663898,3
1237663783130431622,2.72377049981,0.18084922587,3
1237660241923997902,2.40073907218,0.0729040277313,3
1237655473969299889,2.55194571744,0.167360188098,3
1237667542824190250,2.36575302525,0.210694214793,3
1237662498933244236,2.51826938416,0.203889388061,3
1237679167160123528,2.83144674203,0.240226335388,3
1237658423006331118,2.7383370384,0.106679835842,3
1237678617436422231,2.64513233036,0.220436100962,3
1237663543687446705,2.39501490855,0.226118258109,3
1237666407380877493,2.71231811205,0.221194161491,3
1237657189833834619,2.59760989551,0.192734741592,3
1237662963858014653,2.78856882226,0.305840229227,3
1237652946917720199,2.94585398716,0.305817907651,3
1237663277928284367,2.75019721493,0.270453062474,3
1237666407364559061,2.71396664255,0.201214189709,3
1237667205672272940,2.70078343599,0.400712472645,3
1237666214608175275,2.67131209723,0.250525904605,3
1237678617423052893,2.83389709085,0.262052944505,3
1237663235522560349,2.56971118618,0.215641943887,3
1237663785279619160,2.86170759134,0.187627058008,3
1237652947992182888,2.76497685184,0.198407926204,3
1237662963319243377,2.41306113564,0.115887772981,3
1237656241700274456,2.78233981107,0.201851951503,3
1237661355930157165,2.79800666363,0.242853829639,3
1237669696759923023,2.77464012549,0.233961810482,3
1237648721249173615,2.32933652459,0.289801819826,3
1237652949064941638,2.64965083923,0.189435277324,3
1237649919501074553,2.85778140782,0.237010796204,3
1237666300018491545,2.73441846352,0.199103479258,3
1237657069548273810,2.88841849,0.244837392496,3
1237652933493720141,2.68655339299,0.319445876072,3
1237654653639852203,2.62218479368,0.257955855072,3
1237674370751791729,2.6339409917,0.231406947031,3
1237663543137142254,2.34364531422,0.164811878552,3
1237663543674602780,2.41377655501,0.263581656165,3
1237655369825714265,2.80746035103,0.235162994809,3
1237656242782011648,2.7141968577,0.148644894267,3
1237674461479895997,2.51120525464,0.133125838213,3
1237669761721565539,2.73978708155,0.274814529777,3
1237652943694267262,2.63163515377,0.246375051109,3
1237652899694247988,2.78356508031,0.333591634789,3
1237667429034229820,2.49044042752,0.176596426989,3
1237664093434478676,2.5381749619,0.0822063321143,3
1237667322716291204,2.70053644065,0.172874231305,3
1237663234979727198,2.60052052254,0.2445662913,3
1237663233371603921,2.64503842597,0.322084194648,3
1237667113867084001,2.81445344126,0.258132718452,3
1237662663743176756,2.68573784213,0.199898865117,3
1237663784205811786,2.59004712289,0.172755047286,3
1237670960016392372,2.48665368404,0.262987184853,3
1237670016729153725,2.66143862697,0.279780070457,3
1237667782269468979,2.90086938231,0.435485740696,3
1237664670050222166,2.41833890416,0.153100134828,3
1237663234446197476,2.73060394139,0.249999129424,3
1237668270827372674,2.43475951005,0.213420234745,3
1237663784202797275,2.51081668244,0.202214917946,3
1237663478725607611,2.78995178164,0.319293127738,3
1237663235518694335,2.79291198645,0.331874984284,3
1237673808654041621,2.67301407294,0.214017484534,3
1237661852002680915,2.85166273642,0.211708575854,3
1237656567574430416,2.5893915014,0.151204088493,3
1237658204491350364,2.50056201499,0.1728686096,3
1237656971300634800,2.74104727708,0.137834118144,3
1237656971300307085,2.84961986803,0.246756333164,3
1237663230682005863,2.54629265646,0.201015671708,3
1237657189834490032,2.53342278026,0.138172122051,3
1237667210512040072,2.45884855937,0.183844804419,3
1237666463193039134,2.74683822764,0.202547382333,3
1237657633263517945,2.89598867217,0.251034616784,3
1237659326022287551,2.72525615171,0.260760872608,3
1237657190906986644,2.91640327684,0.37784056235,3
1237666301628186746,2.72731478572,0.272620672255,3
1237663783659241564,2.86380175073,0.227533850921,3
1237649920574423207,2.2800048903,0.191422373725,3
1237657189835210873,2.66825569573,0.226027693818,3
1237663463145078846,2.5516178266,0.119957553039,3
1237667211047272753,2.82653858204,0.236016995488,3
1237663542613639494,2.81944082465,0.338008962826,3
1237661387085316534,2.70895334142,0.184787874267,3
1237663229623797833,2.38745143433,0.290250151257,3
1237663234980905995,2.44714688302,0.286856071802,3
1237649920037617918,2.67647121497,0.194289580812,3
